Name,Type,Origin,IsProduct,Description,Since,Proof,LastUpdated,Contributor
老白干,baijiu,china,true,"todo",1900,45,,nulyu
老白干1,baijiu,china,true,"todo",1900,45,,nulyu
老白干2,baijiu,china,true,"todo",1900,45,,nulyu
老白干3,baijiu,china,true,"todo",1900,45,,nulyu
老白干3,baijiu,china,true,"todo",1900,45,,nulyu
老白干3,baijiu,china,true,"todo",1900,45,,nulyu
老白干2,baijiu,china,true,"todo",1900,45,,nulyu
老白干,baijiu,china,true,"todo",1900,45,,nulyu
老白干,baijiu,china,true,"todo",1900,45,,nulyu
老白干,baijiu,china,true,"todo",1900,45,,nulyu
老白干,baijiu,china,true,"todo",1900,45,,nulyu
老白干,baijiu,china,true,"todo",1900,45,,nulyu
老白干,baijiu,china,true,"todo",1900,45,,nulyu
老白干,baijiu,china,true,"todo",1900,45,,nulyu
老白干,baijiu,china,true,"todo",1900,45,,nulyu
老白干,baijiu,china,true,"todo",1900,45,,nulyu
老白干,baijiu,china,true,"todo",1900,45,,nulyu
老白干,baijiu,china,true,"todo",1900,45,,nulyu
老白干,baijiu,china,true,"todo",1900,45,,nulyu
老白干,baijiu,china,true,"todo",1900,45,,nulyu
老白干,baijiu,china,true,"todo",1900,45,,nulyu
老白干,baijiu,china,true,"todo",1900,45,,nulyu
老白干,baijiu,china,true,"todo",1900,45,,nulyu
老白干,baijiu,china,true,"todo",1900,45,,nulyu
老白干,baijiu,china,true,"todo",1900,45,,nulyu
老白干,baijiu,china,true,"todo",1900,45,,nulyu
老白干,baijiu,china,true,"todo",1900,45,,nulyu
老白干,baijiu,china,true,"todo",1900,45,,nulyu
老白干,baijiu,china,true,"todo",1900,45,,nulyu
老白干,baijiu,china,true,"todo",1900,45,,nulyu
老白干,baijiu,china,true,"todo",1900,45,,nulyu
老白干,baijiu,china,true,"todo",1900,45,,nulyu
老白干,baijiu,china,true,"todo",1900,45,,nulyu
老白干,baijiu,china,true,"todo",1900,45,,nulyu
老白干,baijiu,china,true,"todo",1900,45,,nulyu
老白干,baijiu,china,true,"todo",1900,45,,nulyu
老白干,baijiu,china,true,"todo",1900,45,,nulyu
老白干,baijiu,china,true,"todo",1900,45,,nulyu
老白干,baijiu,china,true,"todo",1900,45,,nulyu
老白干,baijiu,china,true,"todo",1900,45,,nulyu
老白干,baijiu,china,true,"todo",1900,45,,nulyu
老白干,baijiu,china,true,"todo",1900,45,,nulyu
老白干,baijiu,china,true,"todo",1900,45,,nulyu
老白干,baijiu,china,true,"todo",1900,45,,nulyu
老白干,baijiu,china,true,"todo",1900,45,,nulyu
老白干,baijiu,china,true,"todo",1900,45,,nulyu
老白干,baijiu,china,true,"todo",1900,45,,nulyu
老白干,baijiu,china,true,"todo",1900,45,,nulyu
老白干,baijiu,china,true,"todo",1900,45,,nulyu
老白干,baijiu,china,true,"todo",1900,45,,nulyu
老白干,baijiu,china,true,"todo",1900,45,,nulyu
老白干,baijiu,china,true,"todo",1900,45,,nulyu
老白干,baijiu,china,true,"todo",1900,45,,nulyu
老白干,baijiu,china,true,"todo",1900,45,,nulyu
老白干,baijiu,china,true,"todo",1900,45,,nulyu
老白干,baijiu,china,true,"todo",1900,45,,nulyu
老白干,baijiu,china,true,"todo",1900,45,,nulyu
老白干,baijiu,china,true,"todo",1900,45,,nulyu
老白干,baijiu,china,true,"todo",1900,45,,nulyu
老白干,baijiu,china,true,"todo",1900,45,,nulyu
老白干,baijiu,china,true,"todo",1900,45,,nulyu
老白干,baijiu,china,true,"todo",1900,45,,nulyu
老白干,baijiu,china,true,"todo",1900,45,,nulyu
老白干,baijiu,china,true,"todo",1900,45,,nulyu
老白干,baijiu,china,true,"todo",1900,45,,nulyu
老白干,baijiu,china,true,"todo",1900,45,,nulyu
老白干,baijiu,china,true,"todo",1900,45,,nulyu
老白干,baijiu,china,true,"todo",1900,45,,nulyu
老白干,baijiu,china,true,"todo",1900,45,,nulyu
老白干,baijiu,china,true,"todo",1900,45,,nulyu
老白干,baijiu,china,true,"todo",1900,45,,nulyu
老白干,baijiu,china,true,"todo",1900,45,,nulyu
老白干,baijiu,china,true,"todo",1900,45,,nulyu
老白干,baijiu,china,true,"todo",1900,45,,nulyu
老白干,baijiu,china,true,"todo",1900,45,,nulyu
老白干,baijiu,china,true,"todo",1900,45,,nulyu
老白干,baijiu,china,true,"todo",1900,45,,nulyu
老白干,baijiu,china,true,"todo",1900,45,,nulyu
老白干,baijiu,china,true,"todo",1900,45,,nulyu
老白干,baijiu,china,true,"todo",1900,45,,nulyu
老白干,baijiu,china,true,"todo",1900,45,,nulyu
老白干,baijiu,china,true,"todo",1900,45,,nulyu
老白干,baijiu,china,true,"todo",1900,45,,nulyu
老白干,baijiu,china,true,"todo",1900,45,,nulyu
老白干,baijiu,china,true,"todo",1900,45,,nulyu
老白干,baijiu,china,true,"todo",1900,45,,nulyu
老白干,baijiu,china,true,"todo",1900,45,,nulyu
老白干,baijiu,china,true,"todo",1900,45,,nulyu
老白干,baijiu,china,true,"todo",1900,45,,nulyu
老白干,baijiu,china,true,"todo",1900,45,,nulyu
老白干,baijiu,china,true,"todo",1900,45,,nulyu
老白干,baijiu,china,true,"todo",1900,45,,nulyu
老白干,baijiu,china,true,"todo",1900,45,,nulyu
老白干,baijiu,china,true,"todo",1900,45,,nulyu
老白干,baijiu,china,true,"todo",1900,45,,nulyu
老白干,baijiu,china,true,"todo",1900,45,,nulyu
老白干,baijiu,china,true,"todo",1900,45,,nulyu
老白干,baijiu,china,true,"todo",1900,45,,nulyu
老白干,baijiu,china,true,"todo",1900,45,,nulyu
老白干,baijiu,china,true,"todo",1900,45,,nulyu
老白干,baijiu,china,true,"todo",1900,45,,nulyu
老白干,baijiu,china,true,"todo",1900,45,,nulyu
老白干,baijiu,china,true,"todo",1900,45,,nulyu
老白干,baijiu,china,true,"todo",1900,45,,nulyu
老白干,baijiu,china,true,"todo",1900,45,,nulyu
老白干,baijiu,china,true,"todo",1900,45,,nulyu
老白干,baijiu,china,true,"todo",1900,45,,nulyu
老白干,baijiu,china,true,"todo",1900,45,,nulyu
老白干,baijiu,china,true,"todo",1900,45,,nulyu
老白干,baijiu,china,true,"todo",1900,45,,nulyu
老白干,baijiu,china,true,"todo",1900,45,,nulyu
老白干,baijiu,china,true,"todo",1900,45,,nulyu
老白干,baijiu,china,true,"todo",1900,45,,nulyu
老白干,baijiu,china,true,"todo",1900,45,,nulyu
老白干,baijiu,china,true,"todo",1900,45,,nulyu
老白干,baijiu,china,true,"todo",1900,45,,nulyu
老白干,baijiu,china,true,"todo",1900,45,,nulyu
老白干,baijiu,china,true,"todo",1900,45,,nulyu
老白干,baijiu,china,true,"todo",1900,45,,nulyu
老白干,baijiu,china,true,"todo",1900,45,,nulyu
老白干,baijiu,china,true,"todo",1900,45,,nulyu
老白干,baijiu,china,true,"todo",1900,45,,nulyu
老白干,baijiu,china,true,"todo",1900,45,,nulyu
老白干,baijiu,china,true,"todo",1900,45,,nulyu
老白干,baijiu,china,true,"todo",1900,45,,nulyu
老白干,baijiu,china,true,"todo",1900,45,,nulyu
老白干,baijiu,china,true,"todo",1900,45,,nulyu
老白干,baijiu,china,true,"todo",1900,45,,nulyu
老白干,baijiu,china,true,"todo",1900,45,,nulyu
老白干,baijiu,china,true,"todo",1900,45,,nulyu
老白干,baijiu,china,true,"todo",1900,45,,nulyu
老白干,baijiu,china,true,"todo",1900,45,,nulyu
老白干,baijiu,china,true,"todo",1900,45,,nulyu
老白干,baijiu,china,true,"todo",1900,45,,nulyu
老白干,baijiu,china,true,"todo",1900,45,,nulyu
老白干,baijiu,china,true,"todo",1900,45,,nulyu
老白干,baijiu,china,true,"todo",1900,45,,nulyu
老白干,baijiu,china,true,"todo",1900,45,,nulyu
老白干,baijiu,china,true,"todo",1900,45,,nulyu
老白干,baijiu,china,true,"todo",1900,45,,nulyu
老白干,baijiu,china,true,"todo",1900,45,,nulyu
老白干,baijiu,china,true,"todo",1900,45,,nulyu
老白干,baijiu,china,true,"todo",1900,45,,nulyu
老白干,baijiu,china,true,"todo",1900,45,,nulyu
老白干,baijiu,china,true,"todo",1900,45,,nulyu
老白干,baijiu,china,true,"todo",1900,45,,nulyu
老白干,baijiu,china,true,"todo",1900,45,,nulyu
老白干,baijiu,china,true,"todo",1900,45,,nulyu
老白干,baijiu,china,true,"todo",1900,45,,nulyu
老白干,baijiu,china,true,"todo",1900,45,,nulyu
老白干,baijiu,china,true,"todo",1900,45,,nulyu
老白干,baijiu,china,true,"todo",1900,45,,nulyu
老白干,baijiu,china,true,"todo",1900,45,,nulyu
老白干,baijiu,china,true,"todo",1900,45,,nulyu
老白干,baijiu,china,true,"todo",1900,45,,nulyu
老白干,baijiu,china,true,"todo",1900,45,,nulyu
老白干,baijiu,china,true,"todo",1900,45,,nulyu
老白干,baijiu,china,true,"todo",1900,45,,nulyu
老白干,baijiu,china,true,"todo",1900,45,,nulyu
老白干,baijiu,china,true,"todo",1900,45,,nulyu
老白干,baijiu,china,true,"todo",1900,45,,nulyu
老白干,baijiu,china,true,"todo",1900,45,,nulyu
老白干,baijiu,china,true,"todo",1900,45,,nulyu
老白干,baijiu,china,true,"todo",1900,45,,nulyu
老白干,baijiu,china,true,"todo",1900,45,,nulyu
老白干,baijiu,china,true,"todo",1900,45,,nulyu
老白干,baijiu,china,true,"todo",1900,45,,nulyu
老白干,baijiu,china,true,"todo",1900,45,,nulyu
老白干,baijiu,china,true,"todo",1900,45,,nulyu
老白干,baijiu,china,true,"todo",1900,45,,nulyu
老白干,baijiu,china,true,"todo",1900,45,,nulyu
老白干,baijiu,china,true,"todo",1900,45,,nulyu
老白干,baijiu,china,true,"todo",1900,45,,nulyu
老白干,baijiu,china,true,"todo",1900,45,,nulyu
老白干,baijiu,china,true,"todo",1900,45,,nulyu
老白干,baijiu,china,true,"todo",1900,45,,nulyu
老白干,baijiu,china,true,"todo",1900,45,,nulyu
老白干,baijiu,china,true,"todo",1900,45,,nulyu
老白干,baijiu,china,true,"todo",1900,45,,nulyu
老白干,baijiu,china,true,"todo",1900,45,,nulyu
老白干,baijiu,china,true,"todo",1900,45,,nulyu
老白干,baijiu,china,true,"todo",1900,45,,nulyu
老白干,baijiu,china,true,"todo",1900,45,,nulyu
老白干,baijiu,china,true,"todo",1900,45,,nulyu
老白干,baijiu,china,true,"todo",1900,45,,nulyu
老白干,baijiu,china,true,"todo",1900,45,,nulyu
老白干,baijiu,china,true,"todo",1900,45,,nulyu
老白干,baijiu,china,true,"todo",1900,45,,nulyu
老白干,baijiu,china,true,"todo",1900,45,,nulyu
老白干,baijiu,china,true,"todo",1900,45,,nulyu
老白干,baijiu,china,true,"todo",1900,45,,nulyu
老白干,baijiu,china,true,"todo",1900,45,,nulyu
老白干,baijiu,china,true,"todo",1900,45,,nulyu
老白干,baijiu,china,true,"todo",1900,45,,nulyu
老白干,baijiu,china,true,"todo",1900,45,,nulyu
老白干,baijiu,china,true,"todo",1900,45,,nulyu
老白干,baijiu,china,true,"todo",1900,45,,nulyu
老白干,baijiu,china,true,"todo",1900,45,,nulyu
老白干,baijiu,china,true,"todo",1900,45,,nulyu
老白干,baijiu,china,true,"todo",1900,45,,nulyu
老白干,baijiu,china,true,"todo",1900,45,,nulyu
老白干,baijiu,china,true,"todo",1900,45,,nulyu
老白干,baijiu,china,true,"todo",1900,45,,nulyu
老白干,baijiu,china,true,"todo",1900,45,,nulyu
老白干,baijiu,china,true,"todo",1900,45,,nulyu
老白干,baijiu,china,true,"todo",1900,45,,nulyu
老白干,baijiu,china,true,"todo",1900,45,,nulyu
老白干,baijiu,china,true,"todo",1900,45,,nulyu
老白干,baijiu,china,true,"todo",1900,45,,nulyu
老白干,baijiu,china,true,"todo",1900,45,,nulyu
老白干,baijiu,china,true,"todo",1900,45,,nulyu
老白干,baijiu,china,true,"todo",1900,45,,nulyu
老白干,baijiu,china,true,"todo",1900,45,,nulyu
老白干,baijiu,china,true,"todo",1900,45,,nulyu
老白干,baijiu,china,true,"todo",1900,45,,nulyu
老白干,baijiu,china,true,"todo",1900,45,,nulyu
老白干,baijiu,china,true,"todo",1900,45,,nulyu
老白干,baijiu,china,true,"todo",1900,45,,nulyu
老白干,baijiu,china,true,"todo",1900,45,,nulyu
老白干,baijiu,china,true,"todo",1900,45,,nulyu
老白干,baijiu,china,true,"todo",1900,45,,nulyu
老白干,baijiu,china,true,"todo",1900,45,,nulyu
老白干,baijiu,china,true,"todo",1900,45,,nulyu
老白干,baijiu,china,true,"todo",1900,45,,nulyu
老白干,baijiu,china,true,"todo",1900,45,,nulyu
老白干,baijiu,china,true,"todo",1900,45,,nulyu
老白干,baijiu,china,true,"todo",1900,45,,nulyu
老白干,baijiu,china,true,"todo",1900,45,,nulyu
老白干,baijiu,china,true,"todo",1900,45,,nulyu
老白干,baijiu,china,true,"todo",1900,45,,nulyu
老白干,baijiu,china,true,"todo",1900,45,,nulyu
老白干,baijiu,china,true,"todo",1900,45,,nulyu
老白干,baijiu,china,true,"todo",1900,45,,nulyu
老白干,baijiu,china,true,"todo",1900,45,,nulyu
老白干,baijiu,china,true,"todo",1900,45,,nulyu
老白干,baijiu,china,true,"todo",1900,45,,nulyu
老白干,baijiu,china,true,"todo",1900,45,,nulyu
老白干,baijiu,china,true,"todo",1900,45,,nulyu
老白干,baijiu,china,true,"todo",1900,45,,nulyu
老白干,baijiu,china,true,"todo",1900,45,,nulyu
老白干,baijiu,china,true,"todo",1900,45,,nulyu
老白干,baijiu,china,true,"todo",1900,45,,nulyu
老白干,baijiu,china,true,"todo",1900,45,,nulyu
老白干,baijiu,china,true,"todo",1900,45,,nulyu
老白干,baijiu,china,true,"todo",1900,45,,nulyu
老白干,baijiu,china,true,"todo",1900,45,,nulyu
老白干,baijiu,china,true,"todo",1900,45,,nulyu
老白干,baijiu,china,true,"todo",1900,45,,nulyu
老白干,baijiu,china,true,"todo",1900,45,,nulyu
老白干,baijiu,china,true,"todo",1900,45,,nulyu
老白干,baijiu,china,true,"todo",1900,45,,nulyu
老白干,baijiu,china,true,"todo",1900,45,,nulyu
老白干,baijiu,china,true,"todo",1900,45,,nulyu
老白干,baijiu,china,true,"todo",1900,45,,nulyu
老白干,baijiu,china,true,"todo",1900,45,,nulyu
老白干,baijiu,china,true,"todo",1900,45,,nulyu
老白干,baijiu,china,true,"todo",1900,45,,nulyu
老白干,baijiu,china,true,"todo",1900,45,,nulyu
老白干,baijiu,china,true,"todo",1900,45,,nulyu
老白干,baijiu,china,true,"todo",1900,45,,nulyu
老白干,baijiu,china,true,"todo",1900,45,,nulyu
老白干,baijiu,china,true,"todo",1900,45,,nulyu
老白干,baijiu,china,true,"todo",1900,45,,nulyu
老白干,baijiu,china,true,"todo",1900,45,,nulyu
老白干,baijiu,china,true,"todo",1900,45,,nulyu
老白干,baijiu,china,true,"todo",1900,45,,nulyu
老白干,baijiu,china,true,"todo",1900,45,,nulyu
老白干,baijiu,china,true,"todo",1900,45,,nulyu
老白干,baijiu,china,true,"todo",1900,45,,nulyu
老白干,baijiu,china,true,"todo",1900,45,,nulyu
老白干,baijiu,china,true,"todo",1900,45,,nulyu
老白干,baijiu,china,true,"todo",1900,45,,nulyu
老白干,baijiu,china,true,"todo",1900,45,,nulyu
老白干,baijiu,china,true,"todo",1900,45,,nulyu
老白干,baijiu,china,true,"todo",1900,45,,nulyu
老白干,baijiu,china,true,"todo",1900,45,,nulyu
老白干,baijiu,china,true,"todo",1900,45,,nulyu
老白干,baijiu,china,true,"todo",1900,45,,nulyu
老白干,baijiu,china,true,"todo",1900,45,,nulyu
老白干,baijiu,china,true,"todo",1900,45,,nulyu
老白干,baijiu,china,true,"todo",1900,45,,nulyu
老白干,baijiu,china,true,"todo",1900,45,,nulyu
老白干,baijiu,china,true,"todo",1900,45,,nulyu
老白干,baijiu,china,true,"todo",1900,45,,nulyu
老白干,baijiu,china,true,"todo",1900,45,,nulyu
老白干,baijiu,china,true,"todo",1900,45,,nulyu
老白干,baijiu,china,true,"todo",1900,45,,nulyu
老白干,baijiu,china,true,"todo",1900,45,,nulyu
老白干,baijiu,china,true,"todo",1900,45,,nulyu
老白干,baijiu,china,true,"todo",1900,45,,nulyu
老白干,baijiu,china,true,"todo",1900,45,,nulyu
老白干,baijiu,china,true,"todo",1900,45,,nulyu
老白干,baijiu,china,true,"todo",1900,45,,nulyu
老白干,baijiu,china,true,"todo",1900,45,,nulyu
老白干,baijiu,china,true,"todo",1900,45,,nulyu
老白干,baijiu,china,true,"todo",1900,45,,nulyu
老白干,baijiu,china,true,"todo",1900,45,,nulyu
老白干,baijiu,china,true,"todo",1900,45,,nulyu
老白干,baijiu,china,true,"todo",1900,45,,nulyu
老白干,baijiu,china,true,"todo",1900,45,,nulyu
老白干,baijiu,china,true,"todo",1900,45,,nulyu
老白干,baijiu,china,true,"todo",1900,45,,nulyu
老白干,baijiu,china,true,"todo",1900,45,,nulyu
老白干,baijiu,china,true,"todo",1900,45,,nulyu
老白干,baijiu,china,true,"todo",1900,45,,nulyu
老白干,baijiu,china,true,"todo",1900,45,,nulyu
老白干,baijiu,china,true,"todo",1900,45,,nulyu
老白干,baijiu,china,true,"todo",1900,45,,nulyu
老白干,baijiu,china,true,"todo",1900,45,,nulyu
老白干,baijiu,china,true,"todo",1900,45,,nulyu
老白干,baijiu,china,true,"todo",1900,45,,nulyu
老白干,baijiu,china,true,"todo",1900,45,,nulyu
老白干,baijiu,china,true,"todo",1900,45,,nulyu
老白干,baijiu,china,true,"todo",1900,45,,nulyu
老白干,baijiu,china,true,"todo",1900,45,,nulyu
老白干,baijiu,china,true,"todo",1900,45,,nulyu
老白干,baijiu,china,true,"todo",1900,45,,nulyu
老白干,baijiu,china,true,"todo",1900,45,,nulyu
老白干,baijiu,china,true,"todo",1900,45,,nulyu
老白干,baijiu,china,true,"todo",1900,45,,nulyu
老白干,baijiu,china,true,"todo",1900,45,,nulyu
老白干,baijiu,china,true,"todo",1900,45,,nulyu
老白干,baijiu,china,true,"todo",1900,45,,nulyu
老白干,baijiu,china,true,"todo",1900,45,,nulyu
老白干,baijiu,china,true,"todo",1900,45,,nulyu
老白干,baijiu,china,true,"todo",1900,45,,nulyu
老白干,baijiu,china,true,"todo",1900,45,,nulyu
老白干,baijiu,china,true,"todo",1900,45,,nulyu
老白干,baijiu,china,true,"todo",1900,45,,nulyu
老白干,baijiu,china,true,"todo",1900,45,,nulyu
老白干,baijiu,china,true,"todo",1900,45,,nulyu
老白干,baijiu,china,true,"todo",1900,45,,nulyu
老白干,baijiu,china,true,"todo",1900,45,,nulyu
老白干,baijiu,china,true,"todo",1900,45,,nulyu
老白干,baijiu,china,true,"todo",1900,45,,nulyu
老白干,baijiu,china,true,"todo",1900,45,,nulyu
老白干,baijiu,china,true,"todo",1900,45,,nulyu
老白干,baijiu,china,true,"todo",1900,45,,nulyu
老白干,baijiu,china,true,"todo",1900,45,,nulyu
老白干,baijiu,china,true,"todo",1900,45,,nulyu
老白干,baijiu,china,true,"todo",1900,45,,nulyu
老白干,baijiu,china,true,"todo",1900,45,,nulyu
老白干,baijiu,china,true,"todo",1900,45,,nulyu
老白干,baijiu,china,true,"todo",1900,45,,nulyu
老白干,baijiu,china,true,"todo",1900,45,,nulyu
老白干,baijiu,china,true,"todo",1900,45,,nulyu
老白干,baijiu,china,true,"todo",1900,45,,nulyu
老白干,baijiu,china,true,"todo",1900,45,,nulyu
老白干,baijiu,china,true,"todo",1900,45,,nulyu
老白干,baijiu,china,true,"todo",1900,45,,nulyu
老白干,baijiu,china,true,"todo",1900,45,,nulyu
老白干,baijiu,china,true,"todo",1900,45,,nulyu
老白干,baijiu,china,true,"todo",1900,45,,nulyu
老白干,baijiu,china,true,"todo",1900,45,,nulyu
老白干,baijiu,china,true,"todo",1900,45,,nulyu
老白干,baijiu,china,true,"todo",1900,45,,nulyu
老白干,baijiu,china,true,"todo",1900,45,,nulyu
老白干,baijiu,china,true,"todo",1900,45,,nulyu
老白干,baijiu,china,true,"todo",1900,45,,nulyu
老白干,baijiu,china,true,"todo",1900,45,,nulyu
老白干,baijiu,china,true,"todo",1900,45,,nulyu
老白干,baijiu,china,true,"todo",1900,45,,nulyu
老白干,baijiu,china,true,"todo",1900,45,,nulyu
老白干,baijiu,china,true,"todo",1900,45,,nulyu
老白干,baijiu,china,true,"todo",1900,45,,nulyu
老白干,baijiu,china,true,"todo",1900,45,,nulyu
老白干,baijiu,china,true,"todo",1900,45,,nulyu
老白干,baijiu,china,true,"todo",1900,45,,nulyu
老白干,baijiu,china,true,"todo",1900,45,,nulyu
老白干,baijiu,china,true,"todo",1900,45,,nulyu
老白干,baijiu,china,true,"todo",1900,45,,nulyu
老白干,baijiu,china,true,"todo",1900,45,,nulyu
老白干,baijiu,china,true,"todo",1900,45,,nulyu
老白干,baijiu,china,true,"todo",1900,45,,nulyu
老白干,baijiu,china,true,"todo",1900,45,,nulyu
老白干,baijiu,china,true,"todo",1900,45,,nulyu
老白干,baijiu,china,true,"todo",1900,45,,nulyu
老白干,baijiu,china,true,"todo",1900,45,,nulyu
老白干,baijiu,china,true,"todo",1900,45,,nulyu
老白干,baijiu,china,true,"todo",1900,45,,nulyu
老白干,baijiu,china,true,"todo",1900,45,,nulyu
老白干,baijiu,china,true,"todo",1900,45,,nulyu
老白干,baijiu,china,true,"todo",1900,45,,nulyu
老白干,baijiu,china,true,"todo",1900,45,,nulyu
老白干,baijiu,china,true,"todo",1900,45,,nulyu
老白干,baijiu,china,true,"todo",1900,45,,nulyu
老白干,baijiu,china,true,"todo",1900,45,,nulyu
老白干,baijiu,china,true,"todo",1900,45,,nulyu
老白干,baijiu,china,true,"todo",1900,45,,nulyu
老白干,baijiu,china,true,"todo",1900,45,,nulyu
老白干,baijiu,china,true,"todo",1900,45,,nulyu
老白干,baijiu,china,true,"todo",1900,45,,nulyu
老白干,baijiu,china,true,"todo",1900,45,,nulyu
老白干,baijiu,china,true,"todo",1900,45,,nulyu
老白干,baijiu,china,true,"todo",1900,45,,nulyu
老白干,baijiu,china,true,"todo",1900,45,,nulyu
老白干,baijiu,china,true,"todo",1900,45,,nulyu
老白干,baijiu,china,true,"todo",1900,45,,nulyu
老白干,baijiu,china,true,"todo",1900,45,,nulyu
老白干,baijiu,china,true,"todo",1900,45,,nulyu
老白干,baijiu,china,true,"todo",1900,45,,nulyu
老白干,baijiu,china,true,"todo",1900,45,,nulyu
老白干,baijiu,china,true,"todo",1900,45,,nulyu
老白干,baijiu,china,true,"todo",1900,45,,nulyu
老白干,baijiu,china,true,"todo",1900,45,,nulyu
老白干,baijiu,china,true,"todo",1900,45,,nulyu
老白干,baijiu,china,true,"todo",1900,45,,nulyu
老白干,baijiu,china,true,"todo",1900,45,,nulyu
老白干,baijiu,china,true,"todo",1900,45,,nulyu
老白干,baijiu,china,true,"todo",1900,45,,nulyu
老白干,baijiu,china,true,"todo",1900,45,,nulyu
老白干,baijiu,china,true,"todo",1900,45,,nulyu
老白干,baijiu,china,true,"todo",1900,45,,nulyu
老白干,baijiu,china,true,"todo",1900,45,,nulyu
老白干,baijiu,china,true,"todo",1900,45,,nulyu
老白干,baijiu,china,true,"todo",1900,45,,nulyu
老白干,baijiu,china,true,"todo",1900,45,,nulyu
老白干,baijiu,china,true,"todo",1900,45,,nulyu
老白干,baijiu,china,true,"todo",1900,45,,nulyu
老白干,baijiu,china,true,"todo",1900,45,,nulyu
老白干,baijiu,china,true,"todo",1900,45,,nulyu
老白干,baijiu,china,true,"todo",1900,45,,nulyu
老白干,baijiu,china,true,"todo",1900,45,,nulyu
老白干,baijiu,china,true,"todo",1900,45,,nulyu
老白干,baijiu,china,true,"todo",1900,45,,nulyu
老白干,baijiu,china,true,"todo",1900,45,,nulyu
老白干,baijiu,china,true,"todo",1900,45,,nulyu
老白干,baijiu,china,true,"todo",1900,45,,nulyu
老白干,baijiu,china,true,"todo",1900,45,,nulyu
老白干,baijiu,china,true,"todo",1900,45,,nulyu
老白干,baijiu,china,true,"todo",1900,45,,nulyu
老白干,baijiu,china,true,"todo",1900,45,,nulyu
老白干,baijiu,china,true,"todo",1900,45,,nulyu
老白干,baijiu,china,true,"todo",1900,45,,nulyu
老白干,baijiu,china,true,"todo",1900,45,,nulyu
老白干,baijiu,china,true,"todo",1900,45,,nulyu
老白干,baijiu,china,true,"todo",1900,45,,nulyu
老白干,baijiu,china,true,"todo",1900,45,,nulyu
老白干,baijiu,china,true,"todo",1900,45,,nulyu
老白干,baijiu,china,true,"todo",1900,45,,nulyu
老白干,baijiu,china,true,"todo",1900,45,,nulyu
老白干,baijiu,china,true,"todo",1900,45,,nulyu
老白干,baijiu,china,true,"todo",1900,45,,nulyu
老白干,baijiu,china,true,"todo",1900,45,,nulyu
老白干,baijiu,china,true,"todo",1900,45,,nulyu
老白干,baijiu,china,true,"todo",1900,45,,nulyu
老白干,baijiu,china,true,"todo",1900,45,,nulyu
老白干,baijiu,china,true,"todo",1900,45,,nulyu
老白干,baijiu,china,true,"todo",1900,45,,nulyu
老白干,baijiu,china,true,"todo",1900,45,,nulyu
老白干,baijiu,china,true,"todo",1900,45,,nulyu
老白干,baijiu,china,true,"todo",1900,45,,nulyu
老白干,baijiu,china,true,"todo",1900,45,,nulyu
老白干,baijiu,china,true,"todo",1900,45,,nulyu
老白干,baijiu,china,true,"todo",1900,45,,nulyu
老白干,baijiu,china,true,"todo",1900,45,,nulyu
老白干,baijiu,china,true,"todo",1900,45,,nulyu
老白干,baijiu,china,true,"todo",1900,45,,nulyu
老白干,baijiu,china,true,"todo",1900,45,,nulyu
老白干,baijiu,china,true,"todo",1900,45,,nulyu
老白干,baijiu,china,true,"todo",1900,45,,nulyu
老白干,baijiu,china,true,"todo",1900,45,,nulyu
老白干,baijiu,china,true,"todo",1900,45,,nulyu
老白干,baijiu,china,true,"todo",1900,45,,nulyu
老白干,baijiu,china,true,"todo",1900,45,,nulyu
老白干,baijiu,china,true,"todo",1900,45,,nulyu
老白干,baijiu,china,true,"todo",1900,45,,nulyu
老白干,baijiu,china,true,"todo",1900,45,,nulyu
老白干,baijiu,china,true,"todo",1900,45,,nulyu
老白干,baijiu,china,true,"todo",1900,45,,nulyu
老白干,baijiu,china,true,"todo",1900,45,,nulyu
老白干,baijiu,china,true,"todo",1900,45,,nulyu
老白干,baijiu,china,true,"todo",1900,45,,nulyu
老白干,baijiu,china,true,"todo",1900,45,,nulyu
老白干,baijiu,china,true,"todo",1900,45,,nulyu
老白干,baijiu,china,true,"todo",1900,45,,nulyu
老白干,baijiu,china,true,"todo",1900,45,,nulyu
老白干,baijiu,china,true,"todo",1900,45,,nulyu
老白干,baijiu,china,true,"todo",1900,45,,nulyu
